<?xml version="1.0" encoding="UTF-8"?>
<mappings xmlns="http://dozer.sourceforge.net"
          xmlns:xsi="http://www.w3.org/2001/XMLSchema-instance"
          xsi:schemaLocation="http://dozer.sourceforge.net
      http://dozer.sourceforge.net/schema/beanmapping.xsd">

    <!--<mapping>-->
        <!--<class-a>com.mydukan.business.dto.pojo.InvoiceDto</class-a>-->
        <!--<class-b>com.mydukan.business.views.RetailerInvoiceViewV1</class-b>-->
        <!--<field>-->
            <!--<a>buyer</a>-->
            <!--<b>customerId</b>-->
        <!--</field>-->
        <!--<field>-->
            <!--<a>seller</a>-->
            <!--<b>customerId</b>-->
        <!--</field>-->
    <!--</mapping>-->

</mappings>